user_id,event,timestamp
1,email_verified,2024-02-22
1,business_info_submitted,2024-02-25
2,email_verified,2024-01-18
3,email_verified,2024-03-13
3,business_info_submitted,2024-03-15
4,email_verified,2024-03-04
4,business_info_submitted,2024-03-06
5,email_verified,2024-01-24
5,business_info_submitted,2024-01-26
6,email_verified,2024-03-24
6,business_info_submitted,2024-03-25
6,kyc_completed,2024-03-26
7,email_verified,2024-03-28
7,business_info_submitted,2024-03-29
7,kyc_completed,2024-04-02
8,email_verified,2024-03-18
8,business_info_submitted,2024-03-20
8,kyc_completed,2024-03-23
8,first_payment,2024-03-26
9,email_verified,2024-03-16
9,business_info_submitted,2024-03-17
10,email_verified,2024-03-29
10,business_info_submitted,2024-04-01
10,kyc_completed,2024-04-05
10,first_payment,2024-04-09
11,email_verified,2024-01-26
11,business_info_submitted,2024-01-30
12,email_verified,2024-01-04
12,business_info_submitted,2024-01-06
12,kyc_completed,2024-01-07
12,first_payment,2024-01-08
13,email_verified,2024-01-24
14,email_verified,2024-02-24
15,email_verified,2024-01-03
15,business_info_submitted,2024-01-05
16,email_verified,2024-04-01
16,business_info_submitted,2024-04-02
16,kyc_completed,2024-04-04
16,first_payment,2024-04-08
17,email_verified,2024-02-03
17,business_info_submitted,2024-02-06
18,email_verified,2024-02-09
18,business_info_submitted,2024-02-11
19,email_verified,2024-01-03
19,business_info_submitted,2024-01-04
19,kyc_completed,2024-01-07
20,email_verified,2024-03-07
20,business_info_submitted,2024-03-10
20,kyc_completed,2024-03-13
20,first_payment,2024-03-15
21,email_verified,2024-03-04
21,business_info_submitted,2024-03-08
22,email_verified,2024-01-22
22,business_info_submitted,2024-01-26
22,kyc_completed,2024-01-28
23,email_verified,2024-02-06
24,email_verified,2024-03-18
24,business_info_submitted,2024-03-21
24,kyc_completed,2024-03-25
25,email_verified,2024-02-29
26,email_verified,2024-01-23
26,business_info_submitted,2024-01-27
26,kyc_completed,2024-01-28
26,first_payment,2024-01-30
27,email_verified,2024-03-30
28,email_verified,2024-02-19
28,business_info_submitted,2024-02-22
28,kyc_completed,2024-02-24
29,email_verified,2024-02-29
29,business_info_submitted,2024-03-04
29,kyc_completed,2024-03-06
29,first_payment,2024-03-08
30,email_verified,2024-02-14
30,business_info_submitted,2024-02-18
31,email_verified,2024-03-04
31,business_info_submitted,2024-03-05
31,kyc_completed,2024-03-08
31,first_payment,2024-03-09
32,email_verified,2024-03-23
32,business_info_submitted,2024-03-26
33,email_verified,2024-01-16
33,business_info_submitted,2024-01-18
33,kyc_completed,2024-01-19
33,first_payment,2024-01-20
34,email_verified,2024-03-04
34,business_info_submitted,2024-03-06
34,kyc_completed,2024-03-09
36,email_verified,2024-02-20
37,email_verified,2024-03-05
37,business_info_submitted,2024-03-09
37,kyc_completed,2024-03-13
37,first_payment,2024-03-17
38,email_verified,2024-02-23
38,business_info_submitted,2024-02-27
40,email_verified,2024-03-06
40,business_info_submitted,2024-03-10
40,kyc_completed,2024-03-13
40,first_payment,2024-03-15
41,email_verified,2024-01-04
41,business_info_submitted,2024-01-05
41,kyc_completed,2024-01-09
41,first_payment,2024-01-13
42,email_verified,2024-02-23
42,business_info_submitted,2024-02-24
43,email_verified,2024-01-11
43,business_info_submitted,2024-01-14
43,kyc_completed,2024-01-16
43,first_payment,2024-01-18
45,email_verified,2024-03-16
45,business_info_submitted,2024-03-19
45,kyc_completed,2024-03-20
45,first_payment,2024-03-21
46,email_verified,2024-02-09
47,email_verified,2024-01-21
47,business_info_submitted,2024-01-23
49,email_verified,2024-04-01
49,business_info_submitted,2024-04-02
49,kyc_completed,2024-04-06
51,email_verified,2024-01-15
51,business_info_submitted,2024-01-17
51,kyc_completed,2024-01-20
51,first_payment,2024-01-22
52,email_verified,2024-01-10
52,business_info_submitted,2024-01-11
52,kyc_completed,2024-01-14
52,first_payment,2024-01-18
53,email_verified,2024-04-03
53,business_info_submitted,2024-04-07
53,kyc_completed,2024-04-08
53,first_payment,2024-04-11
54,email_verified,2024-02-26
54,business_info_submitted,2024-02-27
55,email_verified,2024-01-04
55,business_info_submitted,2024-01-06
55,kyc_completed,2024-01-09
55,first_payment,2024-01-13
56,email_verified,2024-03-25
56,business_info_submitted,2024-03-28
56,kyc_completed,2024-03-31
57,email_verified,2024-03-01
57,business_info_submitted,2024-03-03
57,kyc_completed,2024-03-06
58,email_verified,2024-03-15
58,business_info_submitted,2024-03-17
58,kyc_completed,2024-03-19
58,first_payment,2024-03-22
59,email_verified,2024-02-17
59,business_info_submitted,2024-02-21
59,kyc_completed,2024-02-24
59,first_payment,2024-02-26
60,email_verified,2024-01-10
61,email_verified,2024-02-19
62,email_verified,2024-02-05
64,email_verified,2024-03-24
64,business_info_submitted,2024-03-27
64,kyc_completed,2024-03-28
64,first_payment,2024-03-31
65,email_verified,2024-02-09
65,business_info_submitted,2024-02-10
66,email_verified,2024-02-22
66,business_info_submitted,2024-02-25
66,kyc_completed,2024-02-26
67,email_verified,2024-01-07
67,business_info_submitted,2024-01-11
68,email_verified,2024-01-05
68,business_info_submitted,2024-01-07
69,email_verified,2024-01-10
70,email_verified,2024-02-27
70,business_info_submitted,2024-02-29
70,kyc_completed,2024-03-03
70,first_payment,2024-03-05
71,email_verified,2024-01-07
71,business_info_submitted,2024-01-10
72,email_verified,2024-02-24
72,business_info_submitted,2024-02-25
73,email_verified,2024-03-07
74,email_verified,2024-01-21
74,business_info_submitted,2024-01-25
74,kyc_completed,2024-01-27
74,first_payment,2024-01-31
75,email_verified,2024-04-02
75,business_info_submitted,2024-04-05
75,kyc_completed,2024-04-07
77,email_verified,2024-02-04
77,business_info_submitted,2024-02-06
77,kyc_completed,2024-02-10
77,first_payment,2024-02-12
78,email_verified,2024-03-18
78,business_info_submitted,2024-03-20
78,kyc_completed,2024-03-21
79,email_verified,2024-03-04
79,business_info_submitted,2024-03-08
79,kyc_completed,2024-03-12
79,first_payment,2024-03-15
80,email_verified,2024-01-17
80,business_info_submitted,2024-01-18
80,kyc_completed,2024-01-20
81,email_verified,2024-02-18
81,business_info_submitted,2024-02-19
81,kyc_completed,2024-02-20
82,email_verified,2024-01-17
82,business_info_submitted,2024-01-21
82,kyc_completed,2024-01-25
83,email_verified,2024-03-16
83,business_info_submitted,2024-03-17
84,email_verified,2024-03-21
84,business_info_submitted,2024-03-24
85,email_verified,2024-03-30
85,business_info_submitted,2024-04-01
85,kyc_completed,2024-04-03
86,email_verified,2024-03-03
86,business_info_submitted,2024-03-06
86,kyc_completed,2024-03-07
86,first_payment,2024-03-11
87,email_verified,2024-02-10
87,business_info_submitted,2024-02-12
87,kyc_completed,2024-02-14
87,first_payment,2024-02-15
88,email_verified,2024-03-29
88,business_info_submitted,2024-03-30
88,kyc_completed,2024-03-31
89,email_verified,2024-03-24
91,email_verified,2024-02-24
91,business_info_submitted,2024-02-28
92,email_verified,2024-01-27
92,business_info_submitted,2024-01-28
93,email_verified,2024-01-29
93,business_info_submitted,2024-02-01
93,kyc_completed,2024-02-04
95,email_verified,2024-03-01
95,business_info_submitted,2024-03-02
95,kyc_completed,2024-03-03
95,first_payment,2024-03-06
96,email_verified,2024-02-12
96,business_info_submitted,2024-02-14
97,email_verified,2024-01-30
97,business_info_submitted,2024-02-03
97,kyc_completed,2024-02-05
98,email_verified,2024-01-18
99,email_verified,2024-02-15
99,business_info_submitted,2024-02-17
99,kyc_completed,2024-02-18
100,email_verified,2024-03-07
100,business_info_submitted,2024-03-08
101,email_verified,2024-03-30
101,business_info_submitted,2024-04-02
101,kyc_completed,2024-04-05
101,first_payment,2024-04-09
102,email_verified,2024-03-15
102,business_info_submitted,2024-03-17
102,kyc_completed,2024-03-18
102,first_payment,2024-03-21
103,email_verified,2024-01-10
103,business_info_submitted,2024-01-12
103,kyc_completed,2024-01-15
104,email_verified,2024-03-29
105,email_verified,2024-01-02
105,business_info_submitted,2024-01-04
105,kyc_completed,2024-01-07
105,first_payment,2024-01-08
107,email_verified,2024-03-29
107,business_info_submitted,2024-04-02
107,kyc_completed,2024-04-04
108,email_verified,2024-03-07
108,business_info_submitted,2024-03-08
108,kyc_completed,2024-03-10
109,email_verified,2024-01-13
110,email_verified,2024-03-23
110,business_info_submitted,2024-03-26
110,kyc_completed,2024-03-27
110,first_payment,2024-03-30
111,email_verified,2024-01-12
111,business_info_submitted,2024-01-16
111,kyc_completed,2024-01-19
112,email_verified,2024-02-08
113,email_verified,2024-02-07
114,email_verified,2024-02-06
114,business_info_submitted,2024-02-08
114,kyc_completed,2024-02-12
114,first_payment,2024-02-13
116,email_verified,2024-02-11
116,business_info_submitted,2024-02-14
117,email_verified,2024-02-01
118,email_verified,2024-01-11
118,business_info_submitted,2024-01-14
119,email_verified,2024-03-14
119,business_info_submitted,2024-03-16
119,kyc_completed,2024-03-18
120,email_verified,2024-03-15
120,business_info_submitted,2024-03-18
121,email_verified,2024-01-16
121,business_info_submitted,2024-01-20
122,email_verified,2024-02-06
123,email_verified,2024-02-06
123,business_info_submitted,2024-02-09
124,email_verified,2024-02-18
125,email_verified,2024-01-24
125,business_info_submitted,2024-01-26
125,kyc_completed,2024-01-28
126,email_verified,2024-03-03
128,email_verified,2024-02-08
129,email_verified,2024-02-15
129,business_info_submitted,2024-02-18
129,kyc_completed,2024-02-20
130,email_verified,2024-03-27
130,business_info_submitted,2024-03-28
130,kyc_completed,2024-03-31
131,email_verified,2024-02-08
131,business_info_submitted,2024-02-09
131,kyc_completed,2024-02-12
131,first_payment,2024-02-16
132,email_verified,2024-03-07
132,business_info_submitted,2024-03-11
132,kyc_completed,2024-03-12
133,email_verified,2024-02-18
133,business_info_submitted,2024-02-20
133,kyc_completed,2024-02-24
137,email_verified,2024-01-07
138,email_verified,2024-04-01
138,business_info_submitted,2024-04-05
138,kyc_completed,2024-04-07
139,email_verified,2024-01-17
140,email_verified,2024-01-28
140,business_info_submitted,2024-01-29
141,email_verified,2024-01-13
142,email_verified,2024-03-22
142,business_info_submitted,2024-03-24
142,kyc_completed,2024-03-26
143,email_verified,2024-01-17
143,business_info_submitted,2024-01-18
143,kyc_completed,2024-01-22
144,email_verified,2024-03-31
144,business_info_submitted,2024-04-03
146,email_verified,2024-03-18
146,business_info_submitted,2024-03-21
146,kyc_completed,2024-03-22
146,first_payment,2024-03-25
148,email_verified,2024-03-05
148,business_info_submitted,2024-03-06
148,kyc_completed,2024-03-10
149,email_verified,2024-02-22
149,business_info_submitted,2024-02-24
151,email_verified,2024-01-26
151,business_info_submitted,2024-01-27
151,kyc_completed,2024-01-28
151,first_payment,2024-01-30
152,email_verified,2024-01-16
153,email_verified,2024-02-15
153,business_info_submitted,2024-02-16
153,kyc_completed,2024-02-18
154,email_verified,2024-02-01
156,email_verified,2024-01-14
157,email_verified,2024-02-05
157,business_info_submitted,2024-02-09
157,kyc_completed,2024-02-13
157,first_payment,2024-02-16
158,email_verified,2024-03-13
158,business_info_submitted,2024-03-14
158,kyc_completed,2024-03-16
159,email_verified,2024-03-02
159,business_info_submitted,2024-03-05
160,email_verified,2024-03-28
161,email_verified,2024-02-01
161,business_info_submitted,2024-02-02
161,kyc_completed,2024-02-03
161,first_payment,2024-02-06
163,email_verified,2024-02-12
164,email_verified,2024-02-15
164,business_info_submitted,2024-02-17
164,kyc_completed,2024-02-19
164,first_payment,2024-02-22
165,email_verified,2024-03-03
165,business_info_submitted,2024-03-07
165,kyc_completed,2024-03-10
165,first_payment,2024-03-14
166,email_verified,2024-02-29
166,business_info_submitted,2024-03-01
167,email_verified,2024-01-08
168,email_verified,2024-02-01
169,email_verified,2024-01-30
169,business_info_submitted,2024-02-02
171,email_verified,2024-03-25
171,business_info_submitted,2024-03-29
172,email_verified,2024-02-02
173,email_verified,2024-03-04
174,email_verified,2024-03-18
174,business_info_submitted,2024-03-20
174,kyc_completed,2024-03-24
175,email_verified,2024-04-01
176,email_verified,2024-03-03
176,business_info_submitted,2024-03-06
176,kyc_completed,2024-03-07
176,first_payment,2024-03-09
177,email_verified,2024-01-05
177,business_info_submitted,2024-01-07
178,email_verified,2024-01-30
179,email_verified,2024-03-04
180,email_verified,2024-03-18
180,business_info_submitted,2024-03-22
181,email_verified,2024-01-06
182,email_verified,2024-03-11
183,email_verified,2024-03-15
183,business_info_submitted,2024-03-19
184,email_verified,2024-01-29
184,business_info_submitted,2024-02-01
185,email_verified,2024-01-11
185,business_info_submitted,2024-01-13
185,kyc_completed,2024-01-17
186,email_verified,2024-03-04
186,business_info_submitted,2024-03-05
186,kyc_completed,2024-03-06
187,email_verified,2024-02-08
187,business_info_submitted,2024-02-12
188,email_verified,2024-02-24
188,business_info_submitted,2024-02-27
189,email_verified,2024-02-17
189,business_info_submitted,2024-02-19
190,email_verified,2024-01-25
190,business_info_submitted,2024-01-27
191,email_verified,2024-03-23
192,email_verified,2024-03-03
192,business_info_submitted,2024-03-07
192,kyc_completed,2024-03-11
192,first_payment,2024-03-14
193,email_verified,2024-02-05
193,business_info_submitted,2024-02-06
193,kyc_completed,2024-02-10
193,first_payment,2024-02-12
194,email_verified,2024-03-29
194,business_info_submitted,2024-04-02
194,kyc_completed,2024-04-04
194,first_payment,2024-04-06
195,email_verified,2024-02-24
196,email_verified,2024-03-04
196,business_info_submitted,2024-03-07
196,kyc_completed,2024-03-10
197,email_verified,2024-03-02
197,business_info_submitted,2024-03-04
199,email_verified,2024-01-14
199,business_info_submitted,2024-01-15
199,kyc_completed,2024-01-17
199,first_payment,2024-01-19
200,email_verified,2024-02-10
200,business_info_submitted,2024-02-11
200,kyc_completed,2024-02-12
200,first_payment,2024-02-15
201,email_verified,2024-01-04
201,business_info_submitted,2024-01-08
202,email_verified,2024-01-05
203,email_verified,2024-02-28
203,business_info_submitted,2024-03-02
204,email_verified,2024-03-23
204,business_info_submitted,2024-03-26
205,email_verified,2024-03-01
205,business_info_submitted,2024-03-03
206,email_verified,2024-01-04
206,business_info_submitted,2024-01-08
207,email_verified,2024-01-06
207,business_info_submitted,2024-01-08
209,email_verified,2024-03-29
209,business_info_submitted,2024-04-01
210,email_verified,2024-01-04
211,email_verified,2024-01-21
211,business_info_submitted,2024-01-25
212,email_verified,2024-01-05
212,business_info_submitted,2024-01-09
213,email_verified,2024-02-23
214,email_verified,2024-02-17
214,business_info_submitted,2024-02-19
214,kyc_completed,2024-02-21
215,email_verified,2024-04-03
215,business_info_submitted,2024-04-06
216,email_verified,2024-02-05
216,business_info_submitted,2024-02-06
216,kyc_completed,2024-02-09
217,email_verified,2024-03-11
217,business_info_submitted,2024-03-13
218,email_verified,2024-02-02
219,email_verified,2024-03-12
219,business_info_submitted,2024-03-15
219,kyc_completed,2024-03-17
219,first_payment,2024-03-21
221,email_verified,2024-03-17
221,business_info_submitted,2024-03-19
221,kyc_completed,2024-03-23
221,first_payment,2024-03-27
222,email_verified,2024-02-27
223,email_verified,2024-01-20
223,business_info_submitted,2024-01-24
223,kyc_completed,2024-01-26
224,email_verified,2024-02-10
224,business_info_submitted,2024-02-13
225,email_verified,2024-01-25
225,business_info_submitted,2024-01-26
225,kyc_completed,2024-01-30
225,first_payment,2024-02-01
226,email_verified,2024-03-11
227,email_verified,2024-03-11
228,email_verified,2024-03-28
228,business_info_submitted,2024-04-01
228,kyc_completed,2024-04-04
229,email_verified,2024-01-13
229,business_info_submitted,2024-01-17
229,kyc_completed,2024-01-18
229,first_payment,2024-01-20
230,email_verified,2024-01-17
230,business_info_submitted,2024-01-21
231,email_verified,2024-03-16
231,business_info_submitted,2024-03-18
232,email_verified,2024-03-01
232,business_info_submitted,2024-03-02
232,kyc_completed,2024-03-04
233,email_verified,2024-03-13
234,email_verified,2024-03-23
235,email_verified,2024-01-07
235,business_info_submitted,2024-01-11
235,kyc_completed,2024-01-12
235,first_payment,2024-01-15
236,email_verified,2024-01-24
237,email_verified,2024-03-03
238,email_verified,2024-02-07
238,business_info_submitted,2024-02-09
238,kyc_completed,2024-02-13
239,email_verified,2024-01-20
239,business_info_submitted,2024-01-21
239,kyc_completed,2024-01-23
240,email_verified,2024-04-02
241,email_verified,2024-03-10
241,business_info_submitted,2024-03-13
242,email_verified,2024-01-20
242,business_info_submitted,2024-01-24
243,email_verified,2024-01-23
243,business_info_submitted,2024-01-26
243,kyc_completed,2024-01-28
244,email_verified,2024-03-13
244,business_info_submitted,2024-03-14
244,kyc_completed,2024-03-16
244,first_payment,2024-03-18
245,email_verified,2024-02-23
245,business_info_submitted,2024-02-27
245,kyc_completed,2024-02-29
246,email_verified,2024-02-04
246,business_info_submitted,2024-02-07
246,kyc_completed,2024-02-10
246,first_payment,2024-02-12
248,email_verified,2024-02-09
248,business_info_submitted,2024-02-10
248,kyc_completed,2024-02-13
249,email_verified,2024-03-24
249,business_info_submitted,2024-03-26
249,kyc_completed,2024-03-27
250,email_verified,2024-01-05
251,email_verified,2024-01-12
251,business_info_submitted,2024-01-13
251,kyc_completed,2024-01-17
252,email_verified,2024-02-27
253,email_verified,2024-03-31
253,business_info_submitted,2024-04-01
254,email_verified,2024-02-22
254,business_info_submitted,2024-02-23
254,kyc_completed,2024-02-24
255,email_verified,2024-01-27
256,email_verified,2024-02-01
256,business_info_submitted,2024-02-02
256,kyc_completed,2024-02-04
257,email_verified,2024-02-14
257,business_info_submitted,2024-02-17
257,kyc_completed,2024-02-20
258,email_verified,2024-01-10
258,business_info_submitted,2024-01-11
258,kyc_completed,2024-01-12
260,email_verified,2024-04-03
260,business_info_submitted,2024-04-05
260,kyc_completed,2024-04-06
261,email_verified,2024-03-04
261,business_info_submitted,2024-03-05
261,kyc_completed,2024-03-06
262,email_verified,2024-01-06
263,email_verified,2024-01-04
263,business_info_submitted,2024-01-06
264,email_verified,2024-02-20
264,business_info_submitted,2024-02-23
264,kyc_completed,2024-02-26
265,email_verified,2024-01-15
265,business_info_submitted,2024-01-17
266,email_verified,2024-03-13
266,business_info_submitted,2024-03-15
267,email_verified,2024-02-07
267,business_info_submitted,2024-02-08
267,kyc_completed,2024-02-09
268,email_verified,2024-02-05
268,business_info_submitted,2024-02-06
268,kyc_completed,2024-02-09
269,email_verified,2024-01-12
269,business_info_submitted,2024-01-15
270,email_verified,2024-01-20
270,business_info_submitted,2024-01-23
270,kyc_completed,2024-01-27
271,email_verified,2024-02-18
271,business_info_submitted,2024-02-20
271,kyc_completed,2024-02-21
272,email_verified,2024-03-24
272,business_info_submitted,2024-03-25
272,kyc_completed,2024-03-28
273,email_verified,2024-01-05
273,business_info_submitted,2024-01-08
273,kyc_completed,2024-01-10
274,email_verified,2024-01-22
274,business_info_submitted,2024-01-24
275,email_verified,2024-01-26
275,business_info_submitted,2024-01-29
276,email_verified,2024-02-24
276,business_info_submitted,2024-02-28
276,kyc_completed,2024-03-01
276,first_payment,2024-03-04
277,email_verified,2024-02-04
277,business_info_submitted,2024-02-05
278,email_verified,2024-01-27
279,email_verified,2024-03-17
279,business_info_submitted,2024-03-21
279,kyc_completed,2024-03-25
279,first_payment,2024-03-28
280,email_verified,2024-03-13
281,email_verified,2024-02-06
281,business_info_submitted,2024-02-08
282,email_verified,2024-02-11
282,business_info_submitted,2024-02-15
282,kyc_completed,2024-02-16
282,first_payment,2024-02-17
283,email_verified,2024-03-26
283,business_info_submitted,2024-03-27
283,kyc_completed,2024-03-31
284,email_verified,2024-04-02
284,business_info_submitted,2024-04-05
285,email_verified,2024-01-28
286,email_verified,2024-01-21
286,business_info_submitted,2024-01-22
286,kyc_completed,2024-01-26
287,email_verified,2024-03-24
287,business_info_submitted,2024-03-27
287,kyc_completed,2024-03-28
287,first_payment,2024-03-30
288,email_verified,2024-03-10
288,business_info_submitted,2024-03-14
288,kyc_completed,2024-03-17
289,email_verified,2024-02-26
290,email_verified,2024-02-05
290,business_info_submitted,2024-02-06
290,kyc_completed,2024-02-07
291,email_verified,2024-03-22
291,business_info_submitted,2024-03-23
291,kyc_completed,2024-03-26
292,email_verified,2024-03-03
292,business_info_submitted,2024-03-04
293,email_verified,2024-02-11
294,email_verified,2024-02-03
294,business_info_submitted,2024-02-05
294,kyc_completed,2024-02-08
295,email_verified,2024-03-11
295,business_info_submitted,2024-03-13
295,kyc_completed,2024-03-16
295,first_payment,2024-03-17
296,email_verified,2024-02-05
296,business_info_submitted,2024-02-06
296,kyc_completed,2024-02-08
296,first_payment,2024-02-12
297,email_verified,2024-01-15
297,business_info_submitted,2024-01-19
297,kyc_completed,2024-01-21
298,email_verified,2024-01-23
298,business_info_submitted,2024-01-25
299,email_verified,2024-02-20
299,business_info_submitted,2024-02-24
301,email_verified,2024-01-12
302,email_verified,2024-01-09
302,business_info_submitted,2024-01-11
303,email_verified,2024-03-10
303,business_info_submitted,2024-03-14
303,kyc_completed,2024-03-18
303,first_payment,2024-03-22
304,email_verified,2024-01-18
304,business_info_submitted,2024-01-22
304,kyc_completed,2024-01-24
305,email_verified,2024-02-03
306,email_verified,2024-02-20
306,business_info_submitted,2024-02-24
307,email_verified,2024-03-19
307,business_info_submitted,2024-03-21
308,email_verified,2024-02-29
308,business_info_submitted,2024-03-03
309,email_verified,2024-03-30
309,business_info_submitted,2024-04-02
309,kyc_completed,2024-04-03
311,email_verified,2024-02-02
312,email_verified,2024-02-09
312,business_info_submitted,2024-02-13
312,kyc_completed,2024-02-17
312,first_payment,2024-02-21
313,email_verified,2024-02-24
314,email_verified,2024-02-27
314,business_info_submitted,2024-03-02
314,kyc_completed,2024-03-06
314,first_payment,2024-03-10
315,email_verified,2024-01-10
315,business_info_submitted,2024-01-12
315,kyc_completed,2024-01-13
315,first_payment,2024-01-14
316,email_verified,2024-01-28
316,business_info_submitted,2024-02-01
316,kyc_completed,2024-02-05
316,first_payment,2024-02-09
317,email_verified,2024-01-30
317,business_info_submitted,2024-02-02
317,kyc_completed,2024-02-06
318,email_verified,2024-01-25
318,business_info_submitted,2024-01-29
318,kyc_completed,2024-02-02
319,email_verified,2024-02-01
320,email_verified,2024-01-31
320,business_info_submitted,2024-02-01
321,email_verified,2024-03-06
321,business_info_submitted,2024-03-07
321,kyc_completed,2024-03-09
322,email_verified,2024-03-12
322,business_info_submitted,2024-03-15
322,kyc_completed,2024-03-18
323,email_verified,2024-03-05
323,business_info_submitted,2024-03-08
323,kyc_completed,2024-03-09
324,email_verified,2024-02-21
324,business_info_submitted,2024-02-25
324,kyc_completed,2024-02-28
325,email_verified,2024-01-22
325,business_info_submitted,2024-01-23
325,kyc_completed,2024-01-27
325,first_payment,2024-01-28
326,email_verified,2024-01-06
326,business_info_submitted,2024-01-07
326,kyc_completed,2024-01-09
327,email_verified,2024-02-07
328,email_verified,2024-03-07
328,business_info_submitted,2024-03-09
329,email_verified,2024-02-21
329,business_info_submitted,2024-02-22
329,kyc_completed,2024-02-26
329,first_payment,2024-02-27
330,email_verified,2024-01-20
330,business_info_submitted,2024-01-21
331,email_verified,2024-02-15
331,business_info_submitted,2024-02-18
331,kyc_completed,2024-02-21
332,email_verified,2024-02-01
333,email_verified,2024-02-18
333,business_info_submitted,2024-02-20
333,kyc_completed,2024-02-23
333,first_payment,2024-02-24
334,email_verified,2024-01-08
335,email_verified,2024-02-07
335,business_info_submitted,2024-02-11
335,kyc_completed,2024-02-14
335,first_payment,2024-02-18
336,email_verified,2024-01-26
338,email_verified,2024-02-25
338,business_info_submitted,2024-02-28
338,kyc_completed,2024-02-29
338,first_payment,2024-03-01
339,email_verified,2024-03-03
339,business_info_submitted,2024-03-05
339,kyc_completed,2024-03-07
340,email_verified,2024-03-04
340,business_info_submitted,2024-03-06
340,kyc_completed,2024-03-07
341,email_verified,2024-03-26
341,business_info_submitted,2024-03-30
342,email_verified,2024-02-05
342,business_info_submitted,2024-02-08
343,email_verified,2024-03-28
343,business_info_submitted,2024-03-30
344,email_verified,2024-02-05
344,business_info_submitted,2024-02-06
344,kyc_completed,2024-02-10
345,email_verified,2024-03-08
345,business_info_submitted,2024-03-11
345,kyc_completed,2024-03-12
346,email_verified,2024-01-21
347,email_verified,2024-01-26
347,business_info_submitted,2024-01-28
348,email_verified,2024-02-26
349,email_verified,2024-02-29
349,business_info_submitted,2024-03-04
349,kyc_completed,2024-03-08
350,email_verified,2024-03-10
350,business_info_submitted,2024-03-11
351,email_verified,2024-02-18
351,business_info_submitted,2024-02-21
352,email_verified,2024-01-26
352,business_info_submitted,2024-01-28
353,email_verified,2024-02-05
353,business_info_submitted,2024-02-06
353,kyc_completed,2024-02-08
353,first_payment,2024-02-10
354,email_verified,2024-02-17
354,business_info_submitted,2024-02-21
355,email_verified,2024-03-29
355,business_info_submitted,2024-04-02
355,kyc_completed,2024-04-03
355,first_payment,2024-04-07
356,email_verified,2024-01-26
358,email_verified,2024-01-29
358,business_info_submitted,2024-01-30
358,kyc_completed,2024-02-03
359,email_verified,2024-01-04
359,business_info_submitted,2024-01-07
359,kyc_completed,2024-01-09
359,first_payment,2024-01-11
360,email_verified,2024-04-01
360,business_info_submitted,2024-04-05
360,kyc_completed,2024-04-08
360,first_payment,2024-04-11
361,email_verified,2024-01-21
362,email_verified,2024-02-03
362,business_info_submitted,2024-02-05
363,email_verified,2024-01-11
365,email_verified,2024-02-20
365,business_info_submitted,2024-02-22
365,kyc_completed,2024-02-24
366,email_verified,2024-02-12
367,email_verified,2024-02-13
367,business_info_submitted,2024-02-17
367,kyc_completed,2024-02-20
368,email_verified,2024-01-29
368,business_info_submitted,2024-01-30
368,kyc_completed,2024-02-01
370,email_verified,2024-01-28
370,business_info_submitted,2024-01-31
371,email_verified,2024-01-26
371,business_info_submitted,2024-01-30
372,email_verified,2024-01-14
373,email_verified,2024-03-03
374,email_verified,2024-01-08
374,business_info_submitted,2024-01-09
374,kyc_completed,2024-01-10
375,email_verified,2024-02-29
375,business_info_submitted,2024-03-01
376,email_verified,2024-02-08
376,business_info_submitted,2024-02-12
377,email_verified,2024-02-18
377,business_info_submitted,2024-02-19
377,kyc_completed,2024-02-23
378,email_verified,2024-01-23
379,email_verified,2024-03-07
379,business_info_submitted,2024-03-11
379,kyc_completed,2024-03-12
379,first_payment,2024-03-16
381,email_verified,2024-01-17
381,business_info_submitted,2024-01-19
382,email_verified,2024-01-16
382,business_info_submitted,2024-01-17
383,email_verified,2024-03-17
383,business_info_submitted,2024-03-19
383,kyc_completed,2024-03-21
383,first_payment,2024-03-23
385,email_verified,2024-01-17
385,business_info_submitted,2024-01-18
385,kyc_completed,2024-01-19
385,first_payment,2024-01-20
386,email_verified,2024-03-10
387,email_verified,2024-02-03
387,business_info_submitted,2024-02-06
387,kyc_completed,2024-02-08
388,email_verified,2024-03-29
388,business_info_submitted,2024-04-02
389,email_verified,2024-03-04
389,business_info_submitted,2024-03-05
389,kyc_completed,2024-03-09
389,first_payment,2024-03-12
390,email_verified,2024-03-29
390,business_info_submitted,2024-03-30
391,email_verified,2024-02-23
391,business_info_submitted,2024-02-27
391,kyc_completed,2024-03-02
392,email_verified,2024-01-28
393,email_verified,2024-03-02
393,business_info_submitted,2024-03-04
393,kyc_completed,2024-03-05
393,first_payment,2024-03-08
394,email_verified,2024-03-07
394,business_info_submitted,2024-03-11
395,email_verified,2024-03-04
395,business_info_submitted,2024-03-05
396,email_verified,2024-01-26
396,business_info_submitted,2024-01-29
396,kyc_completed,2024-02-01
396,first_payment,2024-02-05
397,email_verified,2024-03-02
398,email_verified,2024-02-28
398,business_info_submitted,2024-03-01
399,email_verified,2024-03-27
400,email_verified,2024-02-20
401,email_verified,2024-02-22
401,business_info_submitted,2024-02-26
402,email_verified,2024-02-15
403,email_verified,2024-03-12
404,email_verified,2024-01-19
404,business_info_submitted,2024-01-21
404,kyc_completed,2024-01-25
405,email_verified,2024-02-25
405,business_info_submitted,2024-02-26
406,email_verified,2024-03-01
406,business_info_submitted,2024-03-02
407,email_verified,2024-01-11
408,email_verified,2024-02-26
408,business_info_submitted,2024-02-27
409,email_verified,2024-03-04
409,business_info_submitted,2024-03-06
410,email_verified,2024-01-06
410,business_info_submitted,2024-01-08
411,email_verified,2024-03-11
411,business_info_submitted,2024-03-14
411,kyc_completed,2024-03-18
411,first_payment,2024-03-22
412,email_verified,2024-01-07
413,email_verified,2024-02-18
413,business_info_submitted,2024-02-21
414,email_verified,2024-02-27
414,business_info_submitted,2024-02-29
414,kyc_completed,2024-03-03
414,first_payment,2024-03-04
416,email_verified,2024-02-22
416,business_info_submitted,2024-02-26
416,kyc_completed,2024-02-27
416,first_payment,2024-02-29
417,email_verified,2024-01-20
417,business_info_submitted,2024-01-22
418,email_verified,2024-01-17
418,business_info_submitted,2024-01-21
418,kyc_completed,2024-01-24
418,first_payment,2024-01-28
419,email_verified,2024-02-03
420,email_verified,2024-01-22
420,business_info_submitted,2024-01-25
420,kyc_completed,2024-01-28
420,first_payment,2024-01-31
421,email_verified,2024-01-21
421,business_info_submitted,2024-01-22
422,email_verified,2024-03-04
422,business_info_submitted,2024-03-08
424,email_verified,2024-03-02
424,business_info_submitted,2024-03-05
425,email_verified,2024-02-28
425,business_info_submitted,2024-03-02
425,kyc_completed,2024-03-06
426,email_verified,2024-04-02
426,business_info_submitted,2024-04-04
426,kyc_completed,2024-04-05
427,email_verified,2024-04-02
428,email_verified,2024-03-03
428,business_info_submitted,2024-03-07
428,kyc_completed,2024-03-11
429,email_verified,2024-01-27
429,business_info_submitted,2024-01-30
430,email_verified,2024-01-11
431,email_verified,2024-01-16
432,email_verified,2024-01-04
432,business_info_submitted,2024-01-06
432,kyc_completed,2024-01-09
433,email_verified,2024-03-02
434,email_verified,2024-01-05
434,business_info_submitted,2024-01-08
434,kyc_completed,2024-01-10
434,first_payment,2024-01-14
435,email_verified,2024-02-05
435,business_info_submitted,2024-02-08
437,email_verified,2024-04-02
438,email_verified,2024-01-04
438,business_info_submitted,2024-01-05
439,email_verified,2024-01-18
439,business_info_submitted,2024-01-22
440,email_verified,2024-03-05
440,business_info_submitted,2024-03-06
440,kyc_completed,2024-03-10
441,email_verified,2024-03-08
441,business_info_submitted,2024-03-11
442,email_verified,2024-03-04
442,business_info_submitted,2024-03-08
442,kyc_completed,2024-03-12
443,email_verified,2024-03-11
444,email_verified,2024-01-24
444,business_info_submitted,2024-01-26
445,email_verified,2024-03-11
445,business_info_submitted,2024-03-14
445,kyc_completed,2024-03-16
446,email_verified,2024-03-18
446,business_info_submitted,2024-03-20
446,kyc_completed,2024-03-24
446,first_payment,2024-03-28
448,email_verified,2024-01-20
448,business_info_submitted,2024-01-22
448,kyc_completed,2024-01-24
448,first_payment,2024-01-26
449,email_verified,2024-02-22
449,business_info_submitted,2024-02-23
450,email_verified,2024-03-27
451,email_verified,2024-03-01
451,business_info_submitted,2024-03-03
451,kyc_completed,2024-03-05
452,email_verified,2024-01-31
452,business_info_submitted,2024-02-04
453,email_verified,2024-03-20
453,business_info_submitted,2024-03-22
453,kyc_completed,2024-03-25
454,email_verified,2024-03-10
454,business_info_submitted,2024-03-11
454,kyc_completed,2024-03-13
455,email_verified,2024-02-18
456,email_verified,2024-03-06
458,email_verified,2024-03-19
458,business_info_submitted,2024-03-23
459,email_verified,2024-01-17
459,business_info_submitted,2024-01-19
459,kyc_completed,2024-01-22
459,first_payment,2024-01-25
460,email_verified,2024-03-31
460,business_info_submitted,2024-04-04
460,kyc_completed,2024-04-07
460,first_payment,2024-04-09
461,email_verified,2024-03-31
461,business_info_submitted,2024-04-02
461,kyc_completed,2024-04-04
461,first_payment,2024-04-08
463,email_verified,2024-03-29
463,business_info_submitted,2024-03-30
464,email_verified,2024-02-12
465,email_verified,2024-02-03
465,business_info_submitted,2024-02-06
465,kyc_completed,2024-02-09
465,first_payment,2024-02-11
466,email_verified,2024-01-27
467,email_verified,2024-01-11
467,business_info_submitted,2024-01-13
468,email_verified,2024-03-11
468,business_info_submitted,2024-03-15
468,kyc_completed,2024-03-19
468,first_payment,2024-03-23
469,email_verified,2024-02-07
469,business_info_submitted,2024-02-10
470,email_verified,2024-02-23
472,email_verified,2024-01-20
472,business_info_submitted,2024-01-21
472,kyc_completed,2024-01-22
472,first_payment,2024-01-26
473,email_verified,2024-02-28
473,business_info_submitted,2024-02-29
474,email_verified,2024-01-04
474,business_info_submitted,2024-01-08
475,email_verified,2024-03-13
475,business_info_submitted,2024-03-16
476,email_verified,2024-01-05
476,business_info_submitted,2024-01-06
476,kyc_completed,2024-01-10
476,first_payment,2024-01-11
477,email_verified,2024-01-19
477,business_info_submitted,2024-01-23
478,email_verified,2024-01-26
478,business_info_submitted,2024-01-27
478,kyc_completed,2024-01-31
479,email_verified,2024-03-23
479,business_info_submitted,2024-03-26
479,kyc_completed,2024-03-29
480,email_verified,2024-01-04
480,business_info_submitted,2024-01-07
481,email_verified,2024-02-03
481,business_info_submitted,2024-02-07
482,email_verified,2024-03-27
482,business_info_submitted,2024-03-30
482,kyc_completed,2024-04-02
484,email_verified,2024-01-14
484,business_info_submitted,2024-01-17
485,email_verified,2024-02-20
485,business_info_submitted,2024-02-21
486,email_verified,2024-02-06
486,business_info_submitted,2024-02-08
488,email_verified,2024-02-04
488,business_info_submitted,2024-02-06
488,kyc_completed,2024-02-07
488,first_payment,2024-02-11
489,email_verified,2024-03-02
489,business_info_submitted,2024-03-04
489,kyc_completed,2024-03-05
490,email_verified,2024-02-22
490,business_info_submitted,2024-02-25
490,kyc_completed,2024-02-27
491,email_verified,2024-02-14
492,email_verified,2024-01-14
492,business_info_submitted,2024-01-15
492,kyc_completed,2024-01-19
492,first_payment,2024-01-23
493,email_verified,2024-03-09
493,business_info_submitted,2024-03-10
494,email_verified,2024-03-07
494,business_info_submitted,2024-03-11
494,kyc_completed,2024-03-13
495,email_verified,2024-02-06
495,business_info_submitted,2024-02-08
495,kyc_completed,2024-02-12
495,first_payment,2024-02-14
496,email_verified,2024-02-12
496,business_info_submitted,2024-02-13
496,kyc_completed,2024-02-17
496,first_payment,2024-02-20
497,email_verified,2024-03-18
497,business_info_submitted,2024-03-21
497,kyc_completed,2024-03-22
497,first_payment,2024-03-26
498,email_verified,2024-02-15
498,business_info_submitted,2024-02-18
498,kyc_completed,2024-02-19
498,first_payment,2024-02-23
499,email_verified,2024-02-17
499,business_info_submitted,2024-02-21
499,kyc_completed,2024-02-23
499,first_payment,2024-02-27
501,email_verified,2024-01-15
501,business_info_submitted,2024-01-18
502,email_verified,2024-01-14
503,email_verified,2024-02-17
503,business_info_submitted,2024-02-21
503,kyc_completed,2024-02-22
503,first_payment,2024-02-24
505,email_verified,2024-02-05
505,business_info_submitted,2024-02-09
506,email_verified,2024-03-28
507,email_verified,2024-03-22
507,business_info_submitted,2024-03-24
507,kyc_completed,2024-03-26
508,email_verified,2024-04-01
508,business_info_submitted,2024-04-04
509,email_verified,2024-01-09
510,email_verified,2024-01-29
511,email_verified,2024-03-16
511,business_info_submitted,2024-03-18
512,email_verified,2024-04-03
513,email_verified,2024-02-06
513,business_info_submitted,2024-02-09
513,kyc_completed,2024-02-12
514,email_verified,2024-01-11
514,business_info_submitted,2024-01-12
514,kyc_completed,2024-01-13
515,email_verified,2024-03-09
516,email_verified,2024-02-29
516,business_info_submitted,2024-03-02
516,kyc_completed,2024-03-03
516,first_payment,2024-03-06
517,email_verified,2024-03-19
517,business_info_submitted,2024-03-22
517,kyc_completed,2024-03-25
519,email_verified,2024-02-09
520,email_verified,2024-04-02
520,business_info_submitted,2024-04-05
520,kyc_completed,2024-04-08
522,email_verified,2024-02-07
523,email_verified,2024-01-13
524,email_verified,2024-03-15
524,business_info_submitted,2024-03-16
524,kyc_completed,2024-03-18
525,email_verified,2024-01-28
525,business_info_submitted,2024-01-30
525,kyc_completed,2024-01-31
526,email_verified,2024-03-06
526,business_info_submitted,2024-03-07
526,kyc_completed,2024-03-09
528,email_verified,2024-02-06
528,business_info_submitted,2024-02-10
528,kyc_completed,2024-02-14
528,first_payment,2024-02-18
529,email_verified,2024-03-25
530,email_verified,2024-01-28
530,business_info_submitted,2024-01-29
530,kyc_completed,2024-01-30
530,first_payment,2024-02-02
532,email_verified,2024-03-06
532,business_info_submitted,2024-03-08
532,kyc_completed,2024-03-09
532,first_payment,2024-03-11
533,email_verified,2024-02-08
533,business_info_submitted,2024-02-11
533,kyc_completed,2024-02-14
534,email_verified,2024-01-14
534,business_info_submitted,2024-01-17
536,email_verified,2024-01-15
537,email_verified,2024-01-27
537,business_info_submitted,2024-01-30
538,email_verified,2024-04-02
539,email_verified,2024-02-02
539,business_info_submitted,2024-02-06
539,kyc_completed,2024-02-09
540,email_verified,2024-01-19
540,business_info_submitted,2024-01-21
541,email_verified,2024-03-06
541,business_info_submitted,2024-03-07
542,email_verified,2024-03-26
542,business_info_submitted,2024-03-30
544,email_verified,2024-03-29
545,email_verified,2024-01-17
545,business_info_submitted,2024-01-18
545,kyc_completed,2024-01-21
545,first_payment,2024-01-24
546,email_verified,2024-03-02
546,business_info_submitted,2024-03-03
546,kyc_completed,2024-03-06
546,first_payment,2024-03-07
547,email_verified,2024-01-22
547,business_info_submitted,2024-01-26
547,kyc_completed,2024-01-29
548,email_verified,2024-02-21
549,email_verified,2024-01-14
549,business_info_submitted,2024-01-15
549,kyc_completed,2024-01-18
549,first_payment,2024-01-22
550,email_verified,2024-03-02
550,business_info_submitted,2024-03-06
550,kyc_completed,2024-03-07
550,first_payment,2024-03-11
551,email_verified,2024-01-20
551,business_info_submitted,2024-01-21
551,kyc_completed,2024-01-22
551,first_payment,2024-01-24
552,email_verified,2024-03-18
552,business_info_submitted,2024-03-21
552,kyc_completed,2024-03-24
552,first_payment,2024-03-27
553,email_verified,2024-01-10
553,business_info_submitted,2024-01-14
553,kyc_completed,2024-01-16
554,email_verified,2024-03-12
555,email_verified,2024-01-29
555,business_info_submitted,2024-01-30
556,email_verified,2024-03-22
556,business_info_submitted,2024-03-23
556,kyc_completed,2024-03-26
556,first_payment,2024-03-30
557,email_verified,2024-02-24
557,business_info_submitted,2024-02-25
557,kyc_completed,2024-02-27
558,email_verified,2024-03-24
558,business_info_submitted,2024-03-27
559,email_verified,2024-01-17
559,business_info_submitted,2024-01-21
559,kyc_completed,2024-01-22
560,email_verified,2024-03-12
561,email_verified,2024-01-14
562,email_verified,2024-01-28
562,business_info_submitted,2024-01-29
562,kyc_completed,2024-02-02
563,email_verified,2024-02-22
565,email_verified,2024-02-25
565,business_info_submitted,2024-02-28
565,kyc_completed,2024-03-01
565,first_payment,2024-03-03
566,email_verified,2024-01-26
567,email_verified,2024-01-20
567,business_info_submitted,2024-01-24
567,kyc_completed,2024-01-28
568,email_verified,2024-02-28
568,business_info_submitted,2024-03-03
568,kyc_completed,2024-03-07
569,email_verified,2024-02-09
569,business_info_submitted,2024-02-12
570,email_verified,2024-02-25
571,email_verified,2024-02-12
571,business_info_submitted,2024-02-13
572,email_verified,2024-02-29
572,business_info_submitted,2024-03-03
572,kyc_completed,2024-03-05
572,first_payment,2024-03-09
573,email_verified,2024-02-11
573,business_info_submitted,2024-02-15
573,kyc_completed,2024-02-18
574,email_verified,2024-01-15
574,business_info_submitted,2024-01-16
574,kyc_completed,2024-01-19
575,email_verified,2024-01-07
575,business_info_submitted,2024-01-09
575,kyc_completed,2024-01-10
576,email_verified,2024-02-07
576,business_info_submitted,2024-02-11
576,kyc_completed,2024-02-14
577,email_verified,2024-03-28
578,email_verified,2024-03-19
578,business_info_submitted,2024-03-23
578,kyc_completed,2024-03-25
579,email_verified,2024-01-19
579,business_info_submitted,2024-01-22
579,kyc_completed,2024-01-25
579,first_payment,2024-01-29
580,email_verified,2024-03-18
580,business_info_submitted,2024-03-21
581,email_verified,2024-01-13
581,business_info_submitted,2024-01-16
583,email_verified,2024-03-01
585,email_verified,2024-01-11
585,business_info_submitted,2024-01-15
586,email_verified,2024-02-16
586,business_info_submitted,2024-02-19
587,email_verified,2024-01-16
587,business_info_submitted,2024-01-17
588,email_verified,2024-02-10
588,business_info_submitted,2024-02-14
588,kyc_completed,2024-02-17
589,email_verified,2024-02-12
592,email_verified,2024-01-29
592,business_info_submitted,2024-01-30
593,email_verified,2024-03-10
593,business_info_submitted,2024-03-13
594,email_verified,2024-01-07
594,business_info_submitted,2024-01-09
594,kyc_completed,2024-01-11
595,email_verified,2024-02-01
595,business_info_submitted,2024-02-02
595,kyc_completed,2024-02-06
596,email_verified,2024-02-10
596,business_info_submitted,2024-02-11
596,kyc_completed,2024-02-13
596,first_payment,2024-02-17
597,email_verified,2024-02-08
597,business_info_submitted,2024-02-10
597,kyc_completed,2024-02-13
598,email_verified,2024-03-25
598,business_info_submitted,2024-03-28
598,kyc_completed,2024-03-29
598,first_payment,2024-03-30
599,email_verified,2024-01-09
599,business_info_submitted,2024-01-10
600,email_verified,2024-03-09
601,email_verified,2024-03-29
601,business_info_submitted,2024-03-31
601,kyc_completed,2024-04-04
602,email_verified,2024-01-19
602,business_info_submitted,2024-01-20
602,kyc_completed,2024-01-24
602,first_payment,2024-01-27
603,email_verified,2024-03-15
603,business_info_submitted,2024-03-17
603,kyc_completed,2024-03-18
604,email_verified,2024-03-31
604,business_info_submitted,2024-04-03
605,email_verified,2024-02-15
605,business_info_submitted,2024-02-16
605,kyc_completed,2024-02-17
605,first_payment,2024-02-21
606,email_verified,2024-01-07
606,business_info_submitted,2024-01-11
607,email_verified,2024-02-08
607,business_info_submitted,2024-02-10
607,kyc_completed,2024-02-12
607,first_payment,2024-02-14
608,email_verified,2024-03-11
608,business_info_submitted,2024-03-13
608,kyc_completed,2024-03-14
608,first_payment,2024-03-17
609,email_verified,2024-02-01
610,email_verified,2024-01-22
610,business_info_submitted,2024-01-24
610,kyc_completed,2024-01-27
611,email_verified,2024-03-04
612,email_verified,2024-02-24
613,email_verified,2024-02-10
613,business_info_submitted,2024-02-11
613,kyc_completed,2024-02-12
613,first_payment,2024-02-16
615,email_verified,2024-04-01
615,business_info_submitted,2024-04-05
615,kyc_completed,2024-04-09
615,first_payment,2024-04-10
616,email_verified,2024-01-23
616,business_info_submitted,2024-01-26
616,kyc_completed,2024-01-27
616,first_payment,2024-01-30
617,email_verified,2024-02-09
619,email_verified,2024-02-15
619,business_info_submitted,2024-02-16
620,email_verified,2024-01-16
621,email_verified,2024-03-01
621,business_info_submitted,2024-03-03
622,email_verified,2024-01-23
622,business_info_submitted,2024-01-27
622,kyc_completed,2024-01-29
622,first_payment,2024-02-02
623,email_verified,2024-03-14
623,business_info_submitted,2024-03-17
623,kyc_completed,2024-03-18
624,email_verified,2024-03-02
624,business_info_submitted,2024-03-04
624,kyc_completed,2024-03-05
625,email_verified,2024-02-09
626,email_verified,2024-01-05
626,business_info_submitted,2024-01-09
626,kyc_completed,2024-01-11
627,email_verified,2024-01-07
627,business_info_submitted,2024-01-10
628,email_verified,2024-03-18
628,business_info_submitted,2024-03-20
629,email_verified,2024-03-03
629,business_info_submitted,2024-03-04
629,kyc_completed,2024-03-07
629,first_payment,2024-03-08
630,email_verified,2024-03-06
630,business_info_submitted,2024-03-09
630,kyc_completed,2024-03-12
630,first_payment,2024-03-15
631,email_verified,2024-01-28
631,business_info_submitted,2024-01-29
632,email_verified,2024-02-27
632,business_info_submitted,2024-03-01
633,email_verified,2024-02-03
633,business_info_submitted,2024-02-06
634,email_verified,2024-02-08
636,email_verified,2024-03-02
636,business_info_submitted,2024-03-05
636,kyc_completed,2024-03-06
637,email_verified,2024-02-15
637,business_info_submitted,2024-02-18
638,email_verified,2024-02-15
638,business_info_submitted,2024-02-16
638,kyc_completed,2024-02-19
638,first_payment,2024-02-21
639,email_verified,2024-02-05
639,business_info_submitted,2024-02-06
639,kyc_completed,2024-02-08
640,email_verified,2024-02-16
640,business_info_submitted,2024-02-18
640,kyc_completed,2024-02-22
641,email_verified,2024-03-02
641,business_info_submitted,2024-03-04
641,kyc_completed,2024-03-06
641,first_payment,2024-03-08
642,email_verified,2024-02-20
642,business_info_submitted,2024-02-22
642,kyc_completed,2024-02-26
642,first_payment,2024-03-01
643,email_verified,2024-01-25
644,email_verified,2024-03-21
644,business_info_submitted,2024-03-25
644,kyc_completed,2024-03-26
644,first_payment,2024-03-28
646,email_verified,2024-03-18
646,business_info_submitted,2024-03-20
647,email_verified,2024-02-06
648,email_verified,2024-01-23
649,email_verified,2024-01-21
650,email_verified,2024-03-01
651,email_verified,2024-01-22
651,business_info_submitted,2024-01-26
651,kyc_completed,2024-01-29
651,first_payment,2024-02-02
652,email_verified,2024-02-19
652,business_info_submitted,2024-02-21
652,kyc_completed,2024-02-23
652,first_payment,2024-02-24
653,email_verified,2024-02-19
653,business_info_submitted,2024-02-20
654,email_verified,2024-01-15
654,business_info_submitted,2024-01-19
654,kyc_completed,2024-01-22
655,email_verified,2024-01-19
657,email_verified,2024-01-03
657,business_info_submitted,2024-01-07
658,email_verified,2024-02-24
658,business_info_submitted,2024-02-26
659,email_verified,2024-01-04
659,business_info_submitted,2024-01-06
660,email_verified,2024-01-17
660,business_info_submitted,2024-01-19
660,kyc_completed,2024-01-22
660,first_payment,2024-01-23
661,email_verified,2024-03-30
661,business_info_submitted,2024-04-03
663,email_verified,2024-03-17
663,business_info_submitted,2024-03-19
663,kyc_completed,2024-03-20
664,email_verified,2024-01-16
664,business_info_submitted,2024-01-20
664,kyc_completed,2024-01-24
664,first_payment,2024-01-25
665,email_verified,2024-03-15
665,business_info_submitted,2024-03-17
665,kyc_completed,2024-03-19
665,first_payment,2024-03-22
667,email_verified,2024-03-16
669,email_verified,2024-01-26
670,email_verified,2024-01-29
671,email_verified,2024-01-12
672,email_verified,2024-02-06
672,business_info_submitted,2024-02-09
672,kyc_completed,2024-02-12
672,first_payment,2024-02-15
673,email_verified,2024-03-31
674,email_verified,2024-01-11
674,business_info_submitted,2024-01-14
674,kyc_completed,2024-01-17
675,email_verified,2024-03-01
675,business_info_submitted,2024-03-02
675,kyc_completed,2024-03-06
675,first_payment,2024-03-09
676,email_verified,2024-03-02
676,business_info_submitted,2024-03-05
676,kyc_completed,2024-03-08
678,email_verified,2024-01-30
678,business_info_submitted,2024-02-01
679,email_verified,2024-02-12
680,email_verified,2024-03-07
680,business_info_submitted,2024-03-08
681,email_verified,2024-01-28
682,email_verified,2024-03-05
682,business_info_submitted,2024-03-07
682,kyc_completed,2024-03-11
682,first_payment,2024-03-14
683,email_verified,2024-01-20
683,business_info_submitted,2024-01-22
683,kyc_completed,2024-01-25
683,first_payment,2024-01-29
684,email_verified,2024-03-17
684,business_info_submitted,2024-03-21
684,kyc_completed,2024-03-25
685,email_verified,2024-02-04
685,business_info_submitted,2024-02-05
685,kyc_completed,2024-02-07
687,email_verified,2024-03-18
687,business_info_submitted,2024-03-20
687,kyc_completed,2024-03-24
687,first_payment,2024-03-26
689,email_verified,2024-01-14
689,business_info_submitted,2024-01-16
689,kyc_completed,2024-01-18
690,email_verified,2024-02-17
690,business_info_submitted,2024-02-19
690,kyc_completed,2024-02-20
690,first_payment,2024-02-24
691,email_verified,2024-02-08
692,email_verified,2024-01-09
692,business_info_submitted,2024-01-10
693,email_verified,2024-03-24
693,business_info_submitted,2024-03-27
693,kyc_completed,2024-03-31
693,first_payment,2024-04-03
694,email_verified,2024-03-13
694,business_info_submitted,2024-03-14
695,email_verified,2024-02-17
695,business_info_submitted,2024-02-21
695,kyc_completed,2024-02-23
695,first_payment,2024-02-25
696,email_verified,2024-01-29
696,business_info_submitted,2024-01-31
696,kyc_completed,2024-02-02
696,first_payment,2024-02-03
699,email_verified,2024-02-28
699,business_info_submitted,2024-02-29
699,kyc_completed,2024-03-03
700,email_verified,2024-02-01
701,email_verified,2024-01-06
701,business_info_submitted,2024-01-08
701,kyc_completed,2024-01-12
701,first_payment,2024-01-16
702,email_verified,2024-02-04
702,business_info_submitted,2024-02-07
702,kyc_completed,2024-02-09
703,email_verified,2024-03-08
703,business_info_submitted,2024-03-11
704,email_verified,2024-01-19
704,business_info_submitted,2024-01-21
704,kyc_completed,2024-01-24
705,email_verified,2024-02-22
705,business_info_submitted,2024-02-24
706,email_verified,2024-01-12
706,business_info_submitted,2024-01-15
707,email_verified,2024-03-26
707,business_info_submitted,2024-03-29
707,kyc_completed,2024-04-01
708,email_verified,2024-01-29
708,business_info_submitted,2024-02-02
708,kyc_completed,2024-02-04
708,first_payment,2024-02-07
709,email_verified,2024-03-04
709,business_info_submitted,2024-03-05
709,kyc_completed,2024-03-06
709,first_payment,2024-03-09
710,email_verified,2024-03-30
710,business_info_submitted,2024-04-03
710,kyc_completed,2024-04-06
710,first_payment,2024-04-10
711,email_verified,2024-03-28
711,business_info_submitted,2024-04-01
711,kyc_completed,2024-04-05
712,email_verified,2024-03-03
712,business_info_submitted,2024-03-07
712,kyc_completed,2024-03-11
712,first_payment,2024-03-13
714,email_verified,2024-02-20
714,business_info_submitted,2024-02-22
714,kyc_completed,2024-02-24
714,first_payment,2024-02-25
715,email_verified,2024-03-21
715,business_info_submitted,2024-03-22
716,email_verified,2024-02-03
716,business_info_submitted,2024-02-06
716,kyc_completed,2024-02-09
716,first_payment,2024-02-11
717,email_verified,2024-01-05
718,email_verified,2024-01-25
719,email_verified,2024-02-28
719,business_info_submitted,2024-02-29
720,email_verified,2024-01-09
720,business_info_submitted,2024-01-10
720,kyc_completed,2024-01-11
721,email_verified,2024-03-24
721,business_info_submitted,2024-03-27
721,kyc_completed,2024-03-31
721,first_payment,2024-04-01
722,email_verified,2024-03-10
722,business_info_submitted,2024-03-12
722,kyc_completed,2024-03-15
722,first_payment,2024-03-18
723,email_verified,2024-01-07
723,business_info_submitted,2024-01-08
723,kyc_completed,2024-01-11
723,first_payment,2024-01-12
724,email_verified,2024-01-07
724,business_info_submitted,2024-01-09
725,email_verified,2024-02-24
725,business_info_submitted,2024-02-27
726,email_verified,2024-01-26
726,business_info_submitted,2024-01-30
726,kyc_completed,2024-02-01
727,email_verified,2024-02-25
727,business_info_submitted,2024-02-29
727,kyc_completed,2024-03-04
727,first_payment,2024-03-07
728,email_verified,2024-02-08
730,email_verified,2024-03-18
730,business_info_submitted,2024-03-22
731,email_verified,2024-03-25
732,email_verified,2024-01-20
733,email_verified,2024-03-26
733,business_info_submitted,2024-03-28
734,email_verified,2024-03-19
734,business_info_submitted,2024-03-21
734,kyc_completed,2024-03-25
735,email_verified,2024-03-16
735,business_info_submitted,2024-03-17
735,kyc_completed,2024-03-19
736,email_verified,2024-01-05
736,business_info_submitted,2024-01-06
736,kyc_completed,2024-01-08
736,first_payment,2024-01-10
737,email_verified,2024-02-24
737,business_info_submitted,2024-02-28
737,kyc_completed,2024-02-29
737,first_payment,2024-03-01
738,email_verified,2024-02-15
738,business_info_submitted,2024-02-16
738,kyc_completed,2024-02-18
738,first_payment,2024-02-19
740,email_verified,2024-01-07
741,email_verified,2024-03-04
741,business_info_submitted,2024-03-06
741,kyc_completed,2024-03-07
742,email_verified,2024-03-08
743,email_verified,2024-02-03
743,business_info_submitted,2024-02-07
745,email_verified,2024-03-16
745,business_info_submitted,2024-03-17
746,email_verified,2024-02-10
746,business_info_submitted,2024-02-11
746,kyc_completed,2024-02-15
747,email_verified,2024-01-28
747,business_info_submitted,2024-01-29
747,kyc_completed,2024-01-30
747,first_payment,2024-02-01
748,email_verified,2024-02-07
748,business_info_submitted,2024-02-08
749,email_verified,2024-02-27
750,email_verified,2024-01-04
750,business_info_submitted,2024-01-05
750,kyc_completed,2024-01-07
751,email_verified,2024-02-21
751,business_info_submitted,2024-02-23
752,email_verified,2024-01-15
752,business_info_submitted,2024-01-18
753,email_verified,2024-03-06
754,email_verified,2024-02-26
754,business_info_submitted,2024-02-29
754,kyc_completed,2024-03-01
754,first_payment,2024-03-02
755,email_verified,2024-01-09
756,email_verified,2024-03-01
756,business_info_submitted,2024-03-03
756,kyc_completed,2024-03-05
757,email_verified,2024-01-18
758,email_verified,2024-02-19
758,business_info_submitted,2024-02-22
758,kyc_completed,2024-02-23
759,email_verified,2024-01-24
759,business_info_submitted,2024-01-27
759,kyc_completed,2024-01-31
760,email_verified,2024-03-20
760,business_info_submitted,2024-03-23
760,kyc_completed,2024-03-27
761,email_verified,2024-03-27
762,email_verified,2024-01-18
763,email_verified,2024-03-07
763,business_info_submitted,2024-03-11
763,kyc_completed,2024-03-13
764,email_verified,2024-03-19
764,business_info_submitted,2024-03-22
764,kyc_completed,2024-03-23
764,first_payment,2024-03-26
765,email_verified,2024-02-22
765,business_info_submitted,2024-02-26
766,email_verified,2024-02-11
766,business_info_submitted,2024-02-15
766,kyc_completed,2024-02-17
767,email_verified,2024-03-08
767,business_info_submitted,2024-03-11
767,kyc_completed,2024-03-15
767,first_payment,2024-03-18
768,email_verified,2024-02-11
769,email_verified,2024-02-21
769,business_info_submitted,2024-02-25
769,kyc_completed,2024-02-27
769,first_payment,2024-02-29
770,email_verified,2024-03-23
770,business_info_submitted,2024-03-25
770,kyc_completed,2024-03-28
771,email_verified,2024-02-02
771,business_info_submitted,2024-02-04
771,kyc_completed,2024-02-06
771,first_payment,2024-02-08
772,email_verified,2024-03-21
773,email_verified,2024-02-24
773,business_info_submitted,2024-02-26
774,email_verified,2024-03-04
774,business_info_submitted,2024-03-08
774,kyc_completed,2024-03-09
775,email_verified,2024-02-24
775,business_info_submitted,2024-02-28
775,kyc_completed,2024-02-29
776,email_verified,2024-02-08
776,business_info_submitted,2024-02-12
777,email_verified,2024-03-31
778,email_verified,2024-03-23
778,business_info_submitted,2024-03-26
778,kyc_completed,2024-03-30
778,first_payment,2024-03-31
779,email_verified,2024-02-01
779,business_info_submitted,2024-02-03
780,email_verified,2024-02-23
780,business_info_submitted,2024-02-25
780,kyc_completed,2024-02-29
780,first_payment,2024-03-04
781,email_verified,2024-03-23
781,business_info_submitted,2024-03-26
782,email_verified,2024-01-07
784,email_verified,2024-01-05
784,business_info_submitted,2024-01-06
784,kyc_completed,2024-01-07
785,email_verified,2024-01-14
785,business_info_submitted,2024-01-18
785,kyc_completed,2024-01-21
785,first_payment,2024-01-23
786,email_verified,2024-02-28
786,business_info_submitted,2024-03-01
787,email_verified,2024-01-21
787,business_info_submitted,2024-01-22
787,kyc_completed,2024-01-24
788,email_verified,2024-03-18
788,business_info_submitted,2024-03-20
788,kyc_completed,2024-03-24
788,first_payment,2024-03-25
789,email_verified,2024-01-19
789,business_info_submitted,2024-01-22
790,email_verified,2024-03-28
791,email_verified,2024-04-01
791,business_info_submitted,2024-04-05
791,kyc_completed,2024-04-09
791,first_payment,2024-04-11
792,email_verified,2024-03-12
793,email_verified,2024-02-04
793,business_info_submitted,2024-02-07
793,kyc_completed,2024-02-10
793,first_payment,2024-02-14
795,email_verified,2024-02-26
795,business_info_submitted,2024-02-29
795,kyc_completed,2024-03-02
796,email_verified,2024-03-09
797,email_verified,2024-03-20
798,email_verified,2024-02-15
798,business_info_submitted,2024-02-16
798,kyc_completed,2024-02-20
798,first_payment,2024-02-23
799,email_verified,2024-03-17
799,business_info_submitted,2024-03-21
800,email_verified,2024-01-25
800,business_info_submitted,2024-01-28
801,email_verified,2024-02-25
801,business_info_submitted,2024-02-28
802,email_verified,2024-03-24
802,business_info_submitted,2024-03-27
802,kyc_completed,2024-03-29
802,first_payment,2024-03-30
803,email_verified,2024-03-18
803,business_info_submitted,2024-03-20
803,kyc_completed,2024-03-23
804,email_verified,2024-01-19
804,business_info_submitted,2024-01-22
804,kyc_completed,2024-01-23
805,email_verified,2024-01-11
805,business_info_submitted,2024-01-13
806,email_verified,2024-01-08
807,email_verified,2024-01-06
807,business_info_submitted,2024-01-07
808,email_verified,2024-02-29
808,business_info_submitted,2024-03-01
808,kyc_completed,2024-03-05
808,first_payment,2024-03-07
809,email_verified,2024-01-27
809,business_info_submitted,2024-01-28
810,email_verified,2024-03-09
810,business_info_submitted,2024-03-11
811,email_verified,2024-03-11
811,business_info_submitted,2024-03-15
814,email_verified,2024-02-21
814,business_info_submitted,2024-02-23
814,kyc_completed,2024-02-25
814,first_payment,2024-02-27
816,email_verified,2024-02-21
816,business_info_submitted,2024-02-25
816,kyc_completed,2024-02-29
817,email_verified,2024-01-23
817,business_info_submitted,2024-01-27
818,email_verified,2024-01-22
818,business_info_submitted,2024-01-23
818,kyc_completed,2024-01-25
819,email_verified,2024-01-09
819,business_info_submitted,2024-01-11
819,kyc_completed,2024-01-14
820,email_verified,2024-03-26
820,business_info_submitted,2024-03-30
820,kyc_completed,2024-04-01
821,email_verified,2024-02-12
821,business_info_submitted,2024-02-16
822,email_verified,2024-03-02
822,business_info_submitted,2024-03-06
823,email_verified,2024-01-24
823,business_info_submitted,2024-01-28
823,kyc_completed,2024-01-30
823,first_payment,2024-01-31
824,email_verified,2024-01-24
825,email_verified,2024-03-14
825,business_info_submitted,2024-03-15
826,email_verified,2024-01-03
827,email_verified,2024-01-07
828,email_verified,2024-01-13
828,business_info_submitted,2024-01-17
828,kyc_completed,2024-01-18
828,first_payment,2024-01-21
830,email_verified,2024-02-17
830,business_info_submitted,2024-02-20
831,email_verified,2024-02-05
831,business_info_submitted,2024-02-06
832,email_verified,2024-02-21
834,email_verified,2024-04-03
834,business_info_submitted,2024-04-04
834,kyc_completed,2024-04-07
834,first_payment,2024-04-08
835,email_verified,2024-02-15
836,email_verified,2024-01-30
837,email_verified,2024-03-16
837,business_info_submitted,2024-03-19
838,email_verified,2024-01-29
838,business_info_submitted,2024-02-01
838,kyc_completed,2024-02-02
839,email_verified,2024-02-19
839,business_info_submitted,2024-02-22
839,kyc_completed,2024-02-26
840,email_verified,2024-03-30
840,business_info_submitted,2024-03-31
840,kyc_completed,2024-04-03
840,first_payment,2024-04-05
841,email_verified,2024-02-28
841,business_info_submitted,2024-03-01
841,kyc_completed,2024-03-02
841,first_payment,2024-03-04
842,email_verified,2024-03-04
842,business_info_submitted,2024-03-05
842,kyc_completed,2024-03-09
843,email_verified,2024-02-19
843,business_info_submitted,2024-02-21
843,kyc_completed,2024-02-22
843,first_payment,2024-02-26
844,email_verified,2024-03-04
844,business_info_submitted,2024-03-06
844,kyc_completed,2024-03-10
845,email_verified,2024-03-24
846,email_verified,2024-01-30
846,business_info_submitted,2024-02-01
848,email_verified,2024-01-04
849,email_verified,2024-01-09
851,email_verified,2024-03-23
851,business_info_submitted,2024-03-25
851,kyc_completed,2024-03-28
852,email_verified,2024-02-20
853,email_verified,2024-02-26
853,business_info_submitted,2024-02-27
853,kyc_completed,2024-03-02
854,email_verified,2024-03-27
854,business_info_submitted,2024-03-29
854,kyc_completed,2024-03-31
855,email_verified,2024-01-15
855,business_info_submitted,2024-01-17
855,kyc_completed,2024-01-21
858,email_verified,2024-03-29
858,business_info_submitted,2024-03-30
858,kyc_completed,2024-04-01
858,first_payment,2024-04-03
859,email_verified,2024-03-19
859,business_info_submitted,2024-03-23
859,kyc_completed,2024-03-24
861,email_verified,2024-01-06
861,business_info_submitted,2024-01-07
863,email_verified,2024-01-16
863,business_info_submitted,2024-01-18
863,kyc_completed,2024-01-21
863,first_payment,2024-01-22
864,email_verified,2024-03-01
864,business_info_submitted,2024-03-04
865,email_verified,2024-02-26
866,email_verified,2024-01-10
866,business_info_submitted,2024-01-11
866,kyc_completed,2024-01-15
866,first_payment,2024-01-19
867,email_verified,2024-01-07
867,business_info_submitted,2024-01-09
867,kyc_completed,2024-01-11
868,email_verified,2024-01-26
868,business_info_submitted,2024-01-28
869,email_verified,2024-01-20
869,business_info_submitted,2024-01-23
870,email_verified,2024-02-09
871,email_verified,2024-01-19
871,business_info_submitted,2024-01-21
872,email_verified,2024-03-07
872,business_info_submitted,2024-03-09
872,kyc_completed,2024-03-13
872,first_payment,2024-03-15
873,email_verified,2024-03-30
873,business_info_submitted,2024-04-01
873,kyc_completed,2024-04-02
873,first_payment,2024-04-06
874,email_verified,2024-01-31
875,email_verified,2024-03-15
875,business_info_submitted,2024-03-18
876,email_verified,2024-02-11
877,email_verified,2024-02-29
877,business_info_submitted,2024-03-04
877,kyc_completed,2024-03-05
877,first_payment,2024-03-06
878,email_verified,2024-01-18
878,business_info_submitted,2024-01-21
879,email_verified,2024-03-30
879,business_info_submitted,2024-03-31
879,kyc_completed,2024-04-01
880,email_verified,2024-04-01
880,business_info_submitted,2024-04-05
881,email_verified,2024-02-16
881,business_info_submitted,2024-02-17
882,email_verified,2024-01-28
882,business_info_submitted,2024-02-01
882,kyc_completed,2024-02-03
882,first_payment,2024-02-05
883,email_verified,2024-01-19
883,business_info_submitted,2024-01-21
883,kyc_completed,2024-01-25
884,email_verified,2024-01-15
884,business_info_submitted,2024-01-17
885,email_verified,2024-03-26
885,business_info_submitted,2024-03-29
886,email_verified,2024-01-29
886,business_info_submitted,2024-01-31
887,email_verified,2024-03-10
888,email_verified,2024-01-13
888,business_info_submitted,2024-01-14
889,email_verified,2024-03-09
889,business_info_submitted,2024-03-12
889,kyc_completed,2024-03-16
890,email_verified,2024-01-22
890,business_info_submitted,2024-01-25
890,kyc_completed,2024-01-26
890,first_payment,2024-01-27
892,email_verified,2024-02-07
893,email_verified,2024-01-11
893,business_info_submitted,2024-01-15
893,kyc_completed,2024-01-17
893,first_payment,2024-01-21
895,email_verified,2024-03-27
896,email_verified,2024-02-12
896,business_info_submitted,2024-02-14
896,kyc_completed,2024-02-17
896,first_payment,2024-02-20
897,email_verified,2024-02-11
898,email_verified,2024-01-08
898,business_info_submitted,2024-01-10
899,email_verified,2024-02-23
900,email_verified,2024-01-30
900,business_info_submitted,2024-01-31
900,kyc_completed,2024-02-02
900,first_payment,2024-02-03
901,email_verified,2024-03-05
902,email_verified,2024-03-01
902,business_info_submitted,2024-03-04
903,email_verified,2024-02-26
903,business_info_submitted,2024-02-29
903,kyc_completed,2024-03-04
903,first_payment,2024-03-07
904,email_verified,2024-03-03
904,business_info_submitted,2024-03-06
905,email_verified,2024-03-13
905,business_info_submitted,2024-03-16
905,kyc_completed,2024-03-20
906,email_verified,2024-02-04
906,business_info_submitted,2024-02-08
906,kyc_completed,2024-02-11
906,first_payment,2024-02-13
907,email_verified,2024-02-25
908,email_verified,2024-01-23
908,business_info_submitted,2024-01-27
908,kyc_completed,2024-01-28
909,email_verified,2024-01-25
909,business_info_submitted,2024-01-27
910,email_verified,2024-03-11
910,business_info_submitted,2024-03-12
910,kyc_completed,2024-03-13
911,email_verified,2024-03-11
911,business_info_submitted,2024-03-14
911,kyc_completed,2024-03-15
912,email_verified,2024-01-05
913,email_verified,2024-03-16
914,email_verified,2024-03-06
915,email_verified,2024-03-04
915,business_info_submitted,2024-03-08
915,kyc_completed,2024-03-12
915,first_payment,2024-03-14
916,email_verified,2024-01-26
917,email_verified,2024-02-28
918,email_verified,2024-01-11
918,business_info_submitted,2024-01-13
919,email_verified,2024-01-05
919,business_info_submitted,2024-01-06
920,email_verified,2024-02-01
921,email_verified,2024-02-11
922,email_verified,2024-02-09
922,business_info_submitted,2024-02-12
922,kyc_completed,2024-02-14
922,first_payment,2024-02-15
923,email_verified,2024-01-25
923,business_info_submitted,2024-01-26
924,email_verified,2024-01-07
924,business_info_submitted,2024-01-08
924,kyc_completed,2024-01-11
925,email_verified,2024-03-08
925,business_info_submitted,2024-03-10
925,kyc_completed,2024-03-14
925,first_payment,2024-03-15
927,email_verified,2024-03-18
927,business_info_submitted,2024-03-21
928,email_verified,2024-01-05
928,business_info_submitted,2024-01-07
929,email_verified,2024-03-23
929,business_info_submitted,2024-03-24
929,kyc_completed,2024-03-25
929,first_payment,2024-03-29
930,email_verified,2024-01-10
930,business_info_submitted,2024-01-14
930,kyc_completed,2024-01-15
931,email_verified,2024-02-21
931,business_info_submitted,2024-02-23
931,kyc_completed,2024-02-27
932,email_verified,2024-03-03
932,business_info_submitted,2024-03-06
932,kyc_completed,2024-03-09
932,first_payment,2024-03-10
935,email_verified,2024-03-20
936,email_verified,2024-03-17
936,business_info_submitted,2024-03-20
937,email_verified,2024-01-11
937,business_info_submitted,2024-01-15
937,kyc_completed,2024-01-19
937,first_payment,2024-01-21
938,email_verified,2024-01-27
938,business_info_submitted,2024-01-30
938,kyc_completed,2024-02-03
938,first_payment,2024-02-05
939,email_verified,2024-02-22
939,business_info_submitted,2024-02-25
940,email_verified,2024-02-16
940,business_info_submitted,2024-02-18
940,kyc_completed,2024-02-21
940,first_payment,2024-02-24
941,email_verified,2024-02-17
941,business_info_submitted,2024-02-19
941,kyc_completed,2024-02-23
942,email_verified,2024-01-06
943,email_verified,2024-03-12
943,business_info_submitted,2024-03-16
943,kyc_completed,2024-03-20
944,email_verified,2024-01-29
945,email_verified,2024-03-12
946,email_verified,2024-01-22
947,email_verified,2024-03-26
947,business_info_submitted,2024-03-28
949,email_verified,2024-01-16
949,business_info_submitted,2024-01-19
949,kyc_completed,2024-01-23
950,email_verified,2024-02-18
950,business_info_submitted,2024-02-21
951,email_verified,2024-01-05
951,business_info_submitted,2024-01-07
952,email_verified,2024-04-03
952,business_info_submitted,2024-04-04
952,kyc_completed,2024-04-07
952,first_payment,2024-04-09
953,email_verified,2024-01-18
953,business_info_submitted,2024-01-22
953,kyc_completed,2024-01-25
954,email_verified,2024-03-07
955,email_verified,2024-02-09
955,business_info_submitted,2024-02-12
955,kyc_completed,2024-02-16
955,first_payment,2024-02-20
956,email_verified,2024-02-08
957,email_verified,2024-01-14
957,business_info_submitted,2024-01-17
957,kyc_completed,2024-01-18
957,first_payment,2024-01-20
958,email_verified,2024-03-20
958,business_info_submitted,2024-03-22
958,kyc_completed,2024-03-23
959,email_verified,2024-01-06
959,business_info_submitted,2024-01-10
959,kyc_completed,2024-01-11
960,email_verified,2024-02-05
962,email_verified,2024-02-21
962,business_info_submitted,2024-02-25
963,email_verified,2024-01-11
963,business_info_submitted,2024-01-14
964,email_verified,2024-01-07
964,business_info_submitted,2024-01-10
964,kyc_completed,2024-01-12
964,first_payment,2024-01-14
965,email_verified,2024-01-27
965,business_info_submitted,2024-01-29
965,kyc_completed,2024-02-01
966,email_verified,2024-01-14
966,business_info_submitted,2024-01-18
966,kyc_completed,2024-01-21
966,first_payment,2024-01-22
967,email_verified,2024-02-16
967,business_info_submitted,2024-02-18
968,email_verified,2024-01-05
968,business_info_submitted,2024-01-08
970,email_verified,2024-02-11
970,business_info_submitted,2024-02-12
971,email_verified,2024-01-06
971,business_info_submitted,2024-01-07
972,email_verified,2024-03-27
973,email_verified,2024-03-08
973,business_info_submitted,2024-03-11
973,kyc_completed,2024-03-14
974,email_verified,2024-03-06
975,email_verified,2024-03-16
976,email_verified,2024-01-18
976,business_info_submitted,2024-01-22
976,kyc_completed,2024-01-24
977,email_verified,2024-01-13
977,business_info_submitted,2024-01-15
978,email_verified,2024-03-16
978,business_info_submitted,2024-03-18
979,email_verified,2024-01-17
979,business_info_submitted,2024-01-20
980,email_verified,2024-01-25
980,business_info_submitted,2024-01-28
980,kyc_completed,2024-02-01
980,first_payment,2024-02-05
981,email_verified,2024-02-08
981,business_info_submitted,2024-02-09
981,kyc_completed,2024-02-10
981,first_payment,2024-02-13
983,email_verified,2024-02-20
984,email_verified,2024-03-13
984,business_info_submitted,2024-03-15
985,email_verified,2024-03-05
985,business_info_submitted,2024-03-08
985,kyc_completed,2024-03-09
985,first_payment,2024-03-13
986,email_verified,2024-03-03
986,business_info_submitted,2024-03-05
986,kyc_completed,2024-03-09
987,email_verified,2024-02-21
987,business_info_submitted,2024-02-25
987,kyc_completed,2024-02-26
988,email_verified,2024-03-19
988,business_info_submitted,2024-03-20
988,kyc_completed,2024-03-24
989,email_verified,2024-03-19
989,business_info_submitted,2024-03-21
989,kyc_completed,2024-03-22
990,email_verified,2024-01-13
991,email_verified,2024-02-04
991,business_info_submitted,2024-02-06
991,kyc_completed,2024-02-07
991,first_payment,2024-02-10
992,email_verified,2024-03-17
992,business_info_submitted,2024-03-21
993,email_verified,2024-02-07
993,business_info_submitted,2024-02-10
994,email_verified,2024-01-05
994,business_info_submitted,2024-01-07
994,kyc_completed,2024-01-11
995,email_verified,2024-02-12
995,business_info_submitted,2024-02-15
995,kyc_completed,2024-02-18
996,email_verified,2024-03-06
996,business_info_submitted,2024-03-07
997,email_verified,2024-01-25
997,business_info_submitted,2024-01-29
998,email_verified,2024-03-03
998,business_info_submitted,2024-03-07
999,email_verified,2024-03-08
999,business_info_submitted,2024-03-12
1000,email_verified,2024-03-15
